codigo_estacion,nombre,latitud,longitud
01000005,Visviri,-17.595,-69.4831
01001005,Caquena,-18.0542,-69.2017
01010007,Chungara Reten,-18.2808,-69.1383
01010010,Chungara Ajata,-18.2353,-69.1833
01020002,Rio Desaguadero Cotacotani,-18.1936,-69.2458
01020014,Cotacotani,-18.1836,-69.2328
01020016,Chucuyo Reten,-18.2164,-69.2956
01020017,Parinacota Ex Endesa,-18.2042,-69.2683
01021001,Rio Lauca En Japu (O En El Limite),-18.5833,-69.0467
01021002,Rio Guallatire En Guallatire,-18.4931,-69.1494
01021007,Guallatire,-18.4983,-69.1547
01030003,Chilcaya,-18.7939,-69.0844
01041003,Colchane (T. Isluga),-19.2764,-68.6378
01041004,Enquelca (Ex Caraguano),-19.2289,-68.8044
01042002,Huaytani,-20.0003,-68.5706
01044001,Rio Cancosa En El Tambo,-19.8586,-68.5858
01050007,Coyacagua,-20.0531,-68.8075
01080001,Ujina,-20.9714,-68.6275
01200002,Villa Industrial (Tacora),-17.7719,-69.7244
01200003,Humapalca,-17.835,-69.7039
01201003,Rio Lluta En Alcerreca,-18.0036,-69.6331
01201005,Rio Caracarani En Humapalca,-17.8428,-69.6994
01201010,Alcerreca,-17.9931,-69.6594
01202012,Putre (Dcp),-18.195,-69.5589
01300006,Central Chapiquia,-18.3722,-69.5481
01300007,Belen,-18.4669,-69.5167
01300008,Tignamar,-18.5811,-69.4939
01300009,Rio Ticnamar En Angostura,-18.5133,-69.5656
01310018,Arica Oficina,-18.4775,-70.3208
01310019,Azapa,-18.5156,-70.1806
01410012,Codpa,-18.8322,-69.7439
01502007,Esquia,-18.9417,-69.5328
01502008,Rio Camarones En Chilpe,-18.9431,-69.6197
01610004,Q. Camia 3 Km. A. Arriba De Tarcavire,-19.1181,-69.2447
01611001,Camia,-19.3136,-69.4172
01700009,Coposa,-20.7086,-68.6942
01700010,Huara En Fuerte Baquedano,-20.1308,-69.7497
01720006,Chiapa,-19.5369,-69.205
01730007,Q. Tarapaca En Sibaya,-19.7831,-69.1433
01730017,Poroma,-19.8719,-69.1831
01730018,Lagunillas (Pampa Lirima),-19.9333,-68.8369
01730019,Mocha,-19.8097,-69.2731
01730020,Chuzmiza,-19.6831,-69.1833
01740001,Parca,-20.0122,-69.2033
01740002,Cerro Colorado,-20.065,-69.2703
01750003,Mamia,-20.0756,-69.2147
01820001,Iquique,-20.2153,-70.1361
02000001,Ollague,-21.2233,-68.2494
02020002,Ascotan,-21.7253,-68.2756
02101001,Rio Loa Antes Represa Lequena,-21.6558,-68.6622
02101003,Lequena,-21.6553,-68.6611
02102005,Quinchamale,-21.9053,-68.5964
02103009,Ojos San Pedro,-21.9706,-68.3128
02103010,Inacaliri,-22.0278,-68.0661
02103012,Silala,-22.0139,-68.0289
02103014,Rio Siloli Antes B.T. Fcab,-22.0103,-68.0269
02104002,Rio Loa En Salida Embalse Conchi,-22.0278,-68.6208
02104007,Conchi Viejo,-21.95,-68.7239
02104008,Conchi Embalse,-22.025,-68.6242
02104010,Chiu-Chiu,-22.3378,-68.6367
02105002,Rio Salado En Sifon Ayquina,-22.2894,-68.3447
02105014,Cupo,-22.1147,-68.3167
02105016,Linzor,-22.2297,-68.0228
02105017,Toconce,-22.2592,-68.1733
02105018,Ayquina,-22.2753,-68.3183
02105020,Salado Embalse,-22.2856,-68.2028
02105022,El Tatio,-22.3711,-68.0133
02110013,Calama,-22.4494,-68.9044
02112008,Quillagua,-21.6603,-69.5358
02113001,Rio Huatacondo En Copaquire,-20.9333,-68.8833
02113005,Guatacondo Dga,-20.9272,-69.0456
02210002,Tocopilla,-22.0797,-70.1897
02240001,Escuela FundaciÓN Minera Escondida,-23.6144,-70.3703
02500017,Camar,-23.4069,-67.9631
02500019,Socaire,-23.5869,-67.8925
02500020,Peine,-23.6842,-68.0581
02500021,Talabre,-23.3125,-67.8878
02510006,San Pedro De Atacama,-22.9053,-68.2003
02510007,Rio Grande,-22.6522,-68.1658
02700001,Sierra Gorda,-22.8892,-69.3219
02710002,Baquedano,-23.3336,-69.8397
02710003,Antofagasta,-23.5975,-70.3867
02900000,Universidad De Antofagasta,-23.7017,-70.4208
02942001,Aguas Verdes,-25.4,-69.9633
02943002,Tal-Tal (Dcp),-25.4033,-70.4797
03210001,Las Vegas,-26.6781,-69.6656
03340001,Caldera,-27.0692,-70.8156
03404002,Jorquera En La Guardia,-27.8364,-69.755
03414001,Rio Pulido En Vertedero,-28.0858,-69.9408
03414002,Iglesia Colorada,-28.1572,-69.8808
03421004,Manflas,-28.1336,-69.975
03430003,Rio Copiapo En Pastillo,-28.0003,-69.9747
03430006,Lautaro Embalse,-27.9783,-70.0033
03430007,Los Loros,-27.8317,-70.1119
03431001,Rio Copiapo En La Puerta,-27.8044,-70.1269
03431004,Elibor Campamento,-27.7167,-70.1953
03441001,Pastos Grandes,-27.1142,-69.5642
03450004,Copiapo,-27.3772,-70.3308
03604001,El Totoral,-27.9022,-70.9575
03701001,Canto De Agua,-28.0992,-70.7811
03802001,Rio Conay En Las Lozas,-28.9456,-70.1011
03802005,Conay,-28.975,-70.1533
03802006,Conay En Albaricoque,-28.9519,-70.1106
03804005,El Parral,-28.9797,-70.1986
03804006,El Corral,-29.1383,-70.3778
03804007,Junta Del Carmen,-28.7539,-70.4817
03806002,El Transito,-28.8731,-70.2822
03814003,Rio Carmen En El Corral,-29.1094,-70.4139
03815004,San Felix,-28.9311,-70.4614
03820001,Rio Huasco En Algodones,-28.7306,-70.5067
03820002,Rio Huasco En Chepica,-28.6997,-70.55
03820004,Santa Juana,-28.6672,-70.6625
03823003,Vallenar Dga,-28.5861,-70.7397
03823004,La Compaia (Vallenar),-28.5761,-70.8081
03825004,Freirina,-28.5072,-71.0806
03826003,Huasco Bajo,-28.4725,-71.1931
03940001,Domeiko,-28.9544,-70.8936
04120001,El Trapiche,-29.3731,-71.1181
04301005,La Laguna Embalse,-30.2033,-70.0422
04302001,Rio Toro Antes Junta Rio La Laguna,-29.9711,-70.0928
04302014,Juntas,-29.9769,-70.0944
04306002,Huanta,-29.8478,-70.3847
04308001,Rio Turbio En Varillar,-29.9458,-70.5328
04308003,Rivadavia,-29.9772,-70.5617
04311003,Pisco Elqui Dmc,-30.1217,-70.4933
04311004,Los Nichos,-30.1472,-70.4983
04311005,La Ortiga,-30.1939,-70.4819
04313003,Cochiguaz,-30.1414,-70.4047
04314002,Rio Claro En Rivadavia,-29.9781,-70.5525
04314003,Monte Grande,-30.0894,-70.4939
04320001,Rio Elqui En Algarrobal,-29.9953,-70.5867
04320003,Vicua (Inia),-30.0567,-70.7167
04323007,Almendral,-29.9822,-70.9186
04335002,La Serena (Escuela Agricola),-29.9061,-71.2556
04501001,Rio Hurtado En San Agustin,-30.4622,-70.5361
04501003,Pabellon,-30.4111,-70.5544
04502005,Hurtado,-30.2867,-70.6961
04503001,Rio Hurtado En Angostura De Pangue,-30.4386,-71.0022
04503003,Pichasca,-30.3922,-70.8678
04506007,Recoleta Embalse,-30.5069,-71.0997
04511002,Rio Grande En Las Ramadas,-31.0117,-70.5811
04511003,Las Ramadas,-31.0181,-70.5858
04512002,Tascadero,-31.0153,-70.6664
04513001,Rio Grande En Cuyano,-30.9242,-70.7731
04513003,Tulahuen,-30.9669,-70.7639
04513004,Caren,-30.8547,-70.7708
04522003,Rapel,-30.7211,-70.7753
04523002,Rio Grande En Puntilla San Juan,-30.7047,-70.9244
04530001,Rio Cogoti En Fraguita,-31.1119,-70.885
04531002,Rio Cogoti Entrada Embalse Cogoti,-31.0325,-71.0403
04531003,Cogoti 18,-31.0836,-70.95
04532006,Combarbala,-31.1736,-71.0008
04535001,Cogoti Embalse,-31.0078,-71.0856
04537003,El Tome,-30.8178,-70.9706
04540005,Sotaqui,-30.6306,-71.1194
04540006,Paloma Embalse,-30.6958,-71.0361
04551005,Ovalle Dga,-30.6006,-71.2
04552002,La Torre,-30.6164,-71.3742
04554003,La Placilla,-30.8883,-71.3075
04555001,Punitaqui,-30.8278,-71.25
04610001,Pea Blanca,-30.9,-71.5503
04703002,Rio Choapa En Cuncumen,-31.9667,-70.5944
04703003,Cuncumen,-31.9336,-70.6133
04704001,Rio Cuncumen Antes Junta Choapa (Chacay),-31.8167,-70.6
04710001,La Tranquilla,-31.9,-70.6706
04711001,Rio Choapa En Salamanca,-31.8117,-70.9303
04711003,Coiron,-31.9019,-70.7708
04711004,Salamanca,-31.7758,-70.9669
04712001,Rio Chalinga En La Palmilla,-31.6958,-70.7158
04713004,San Agustin,-31.7289,-70.8317
04716005,Limahuida,-31.745,-71.1619
04721001,Rio Illapel En Las Burras,-31.5069,-70.8125
04721002,Las Burras,-31.5331,-70.8211
04723001,Rio Illapel En Huintil,-31.5608,-70.9644
04723002,Huintil,-31.5669,-70.9817
04726001,Rio Illapel En El Peral,-31.6647,-71.2547
04726003,Illapel Dga,-31.645,-71.1908
04730004,Mincha Norte,-31.5875,-71.4453
04732001,La Canela Dmc,-31.3986,-71.4569
04810001,Estero Pupio En El Romero,-31.9481,-71.0747
04810003,Caimanes,-31.9322,-71.1361
04820001,Los Vilos Dmc,-31.9103,-71.5086
04900002,Culimo Embalse,-32.0675,-71.2225
04900003,Quelon,-32.1444,-71.1628
04902002,Los Condores,-32.1086,-71.3125
04902003,Quilimari,-32.1175,-71.5
05100001,Rio Sobrante En Piadero,-32.2253,-70.7119
05100005,El Trapiche,-32.2286,-70.71
05100006,El Sobrante Hacienda,-32.2261,-70.7839
05101005,Pedernal Hacienda,-32.0836,-70.8
05101006,Chalaco,-32.1836,-70.7833
05110002,Rio Petorca En Peon O Hierro Viejo,-32.2786,-70.9889
05110003,Hierro Viejo,-32.2756,-70.9997
05111001,Palquico,-32.2528,-71.1386
05111002,Frutillar Alto,-32.1567,-71.03
05111004,El Salvador,-32.3058,-71.0792
05120003,Artificio,-32.3914,-71.0931
05120004,Las Colmenas,-32.3075,-71.2425
05120006,Longotoma,-32.3919,-71.375
05200001,Rio Alicahue En Colliguay,-32.33,-70.7381
05200006,Alicahue,-32.3408,-70.7528
05200007,La Mostaza,-32.4186,-70.6808
05210002,La Via,-32.4261,-70.9167
05211003,Mina Cerro Negro,-32.5864,-70.8694
05211004,Las Puertas,-32.4856,-70.9319
05220006,Chacrilla,-32.4267,-71.0606
05220007,Las Pataguas,-32.5333,-71.1294
05221005,Valle Hermoso,-32.4372,-71.2067
05310001,Laguna De Zapallar,-32.5919,-71.4322
05320001,Estero Quintero En Valle Alegre,-32.7936,-71.4161
05401003,Rio Juncal En Juncal,-32.8625,-70.1675
05403002,Rio Aconcagua En Rio Blanco,-32.9067,-70.3036
05403006,Riecillos,-32.9228,-70.3553
05404001,Canal Colorado En Bocatoma,-32.8347,-70.3533
05410002,Rio Aconcagua En Chacabuquito,-32.8503,-70.5094
05410005,Rio Aconcagua En San Felipe,-32.7572,-70.7367
05410006,Vilcuya,-32.8603,-70.4719
05410007,Los Andes,-32.8336,-70.6
05410008,San Felipe,-32.7472,-70.7247
05411001,Estero Pocuro En El Sifon,-32.9164,-70.5403
05414001,Rio Putaendo En Resguardo Los Patos,-32.5017,-70.5811
05414004,Resguardo Los Patos,-32.4989,-70.5789
05414005,El Tartaro,-32.5669,-70.7
05415004,Jahuel,-32.6836,-70.6
05421005,Catemu,-32.7344,-70.9342
05422002,Las Chilcas,-32.9319,-70.8178
05423003,Rio Aconcagua En Romeral,-32.8403,-71.0256
05423013,Estero Rabuco,-32.8506,-71.1167
05424005,El Cobre,-32.6531,-71.1964
05425003,Lo Rojas,-32.8119,-71.2653
05426004,Quillota,-32.8958,-71.2092
05427006,Lliu-Lliu Embalse,-33.0986,-71.2144
05427007,Los Aromos,-32.9578,-71.345
05427008,Quebrada Alvarado,-33.0506,-71.1
05500001,Las Piedras,-33.1542,-71.3428
05500003,Las Salinas,-33.0019,-71.5467
05510001,Rodelillo,-33.0503,-71.5833
05510002,Lago Peuelas,-33.145,-71.5553
05510005,Cerro Colorado Armada De Chile,-33.0819,-71.6169
05520001,Casablanca,-33.3278,-71.4131
05520002,Tapihue,-33.2897,-71.2914
05530002,San Antonio (Pta. Panul),-33.5747,-71.625
05530003,Lagunillas,-33.4394,-71.4506
05530005,Algarrobo,-33.4389,-71.6239
05702001,Rio Volcan En Queltehues,-33.8056,-70.2089
05702011,Glaciar San Franciscoen Aguas Panimavida,-33.8053,-70.07
05703008,El Yeso Embalse,-33.6767,-70.0886
05704002,Rio Maipo En San Alfonso,-33.7347,-70.3008
05704004,San Gabriel,-33.7825,-70.2394
05704006,San Jose De Maipo Reten,-33.6361,-70.3531
05705001,Rio Colorado Antes Junta Rio Olivares,-33.49,-70.1342
05706001,Rio Olivares Antes Junta Rio Colorado,-33.4878,-70.1367
05706003,Valle Olivares,-33.1869,-70.1122
05707003,Maitenes Bocatoma,-33.5311,-70.2617
05710001,Rio Maipo En El Manzano,-33.5939,-70.3792
05710007,La Obra Recinto Emos,-33.5914,-70.4853
05711003,Pirque,-33.6736,-70.5869
05716001,Rio Angostura En Valdivia De Paine,-33.8111,-70.8836
05716005,Laguna Aculeo,-33.8858,-70.8775
05717008,El Vergel,-33.6958,-70.9236
05720001,Rio Molina Antes Junta San Francisco,-33.3733,-70.3961
05721001,Estero Yerba Loca Antes Junta San Francisco,-33.3414,-70.3636
05721016,Rio San Francisco Antes Junta Estero Yerba Loca,-33.3086,-70.3572
05721017,Estero Yerba Loca En Piedra Carvajal,-33.2214,-70.2736
05722001,Estero Arrayan En La Montosa,-33.3256,-70.4561
05722002,Rio Mapocho En Los Almendros,-33.3703,-70.4508
05730008,Quebrada Ramon En Recinto Emos,-33.4331,-70.5142
05730012,Cerro Calan,-33.395,-70.5367
05730013,Antupiren,-33.4964,-70.5164
05730016,Terraza Oficinas Centrales Dga,-33.4486,-70.6444
05730039,Quebrada De Macul,-33.5017,-70.5144
05732001,Huechun Embalse,-33.0856,-70.8017
05732002,Huechun Andina,-33.0758,-70.7686
05733006,Rincon De Los Valles,-32.9475,-70.7536
05733007,Caleu,-33.0053,-70.9933
05733008,Rungue Embalse,-33.0194,-70.9081
05733010,Fundo Las Bateas,-32.9472,-70.8064
05737002,Rio Mapocho Rinconada De Maipu,-33.4961,-70.8167
05737008,Fundo Marruecos,-33.5503,-70.8167
05740004,Carmen De Las Rosas,-33.7597,-71.1514
05740005,Melipilla,-33.6803,-71.1997
05741002,Colliguay,-33.1686,-71.1467
05744002,Los Panguiles,-33.4386,-71.0256
05744003,Ibacache Alto,-33.4797,-71.2811
05745001,Mallarauco,-33.5697,-71.1061
05746001,Estero Puangue En Ruta 78,-33.6614,-71.3372
05747001,Los Guindos,-33.8908,-71.2408
05748001,Rio Maipo En Cabimbao,-33.7219,-71.555
05748003,Cerrillos De Leyda,-33.6344,-71.5106
05800002,Fundo Las Dos Puertas,-33.8622,-71.6631
06000003,Rio Las Leas Ante Junta Rio Cachapoal,-34.3628,-70.3056
06000004,Laguna El Yeso,-34.4078,-70.21
06003001,Rio Cachapoal 5 Km. Aguas Abajo Junta Cortaderal,-34.3464,-70.3764
06003004,Glaciar Cipreses,-34.5322,-70.4153
06006001,Rio Pangal En Pangal,-34.2467,-70.3281
06008009,Canal Sauzal En Puente Termas,-34.2403,-70.5506
06010015,Rancagua (Cachapoal - Dcp),-34.1908,-70.7508
06011001,Estero De La Cadena Antes Junta Rio Cachapoal,-34.1842,-70.8436
06012003,Coltauco,-34.2875,-71.08
06013001,Rio Claro En Hacienda Las Nieves,-34.4922,-70.7028
06013005,Popeta,-34.4369,-70.7794
06013008,Laguna Los Cristales,-34.5606,-70.5097
06015003,Rengo,-34.4217,-70.8667
06016004,San Fernando,-34.5983,-70.9686
06018010,Millahue,-34.5264,-71.2122
06019003,Rio Cachapoal En Puente Arqueado (Ca),-34.2731,-71.3717
06019005,Pichidegua,-34.2872,-71.4058
06023000,Glaciar Universidad En Rio San Andres,-34.7197,-70.3592
06027001,Rio Claro En El Valle,-34.6867,-70.8739
06027003,La Rufina,-34.7428,-70.7519
06028001,Rio Tinguiririca Bajo Los Briones,-34.7186,-70.8267
06034003,Convento Viejo,-34.7694,-71.1331
06036001,La Candelaria,-34.7808,-71.4142
06040001,Villa Alhue,-34.035,-71.0944
06042004,Barrera Loncha,-34.0833,-71.1886
06044001,Cocalan,-34.2033,-71.2764
06055003,Litueche,-34.1206,-71.7258
06056003,Rapel,-33.9458,-71.7336
06120001,Pichilemu,-34.3844,-72.0044
06130001,El Membrillo,-34.8056,-71.6289
06130002,Ranguili,-34.8661,-71.7486
06130003,La Palma,-34.9514,-71.5856
06132002,Nilahue Barahona,-34.5742,-71.7653
07103003,Los Quees,-35.0008,-70.8119
07104002,Rio Teno Despues De Junta Con Claro,-34.9961,-70.8206
07104005,El Manzano,-34.9633,-70.9178
07106007,Santa Susana,-34.9114,-71.0353
07115001,Rio Palos En Junta Con Colorado,-35.2744,-71.0156
07116004,Monte Oscuro,-35.1242,-70.9747
07116005,Potrero Grande,-35.1833,-71.0978
07118003,Curico,-34.9811,-71.2361
07119007,Lontue,-35.0422,-71.2906
07120002,Laguna De Torca,-34.7675,-72.065
07121003,Villa Prat,-35.0969,-71.6139
07123001,Rio Mataquito En Licanten,-34.9844,-72.01
07200001,Gualleco,-35.2439,-71.98
07210001,Putu,-35.2183,-72.2833
07301001,Los Condores,-36.0106,-70.5589
07303000,Rio Maule En Los BaÑOs,-35.8197,-70.7606
07306001,Rio Cipreses En Dasague Laguna La Invernada,-35.7381,-70.7778
07317005,Rio Melado En El Salto,-35.8842,-71.0192
07320002,Armerillo,-35.7011,-71.0772
07320003,Rio Claro En San Carlos,-35.6989,-71.0683
07321002,Rio Maule En Armerillo,-35.7061,-71.1139
07330001,Rio Perquilauquen En San Manuel,-36.3758,-71.6233
07331002,Digua Embalse,-36.2558,-71.5481
07332003,San Manuel En Perquilauquen,-36.3581,-71.6494
07335004,Quella,-36.0572,-72.0892
07336003,El Alamo,-36.1128,-72.4214
07337002,Tutuven Embalse,-35.8967,-72.3736
07340002,La Estrella,-35.7825,-72.1869
07340003,Los Huinganes En Curipeumo,-35.9844,-71.9122
07341002,Nirivilo,-35.5389,-72.0914
07342002,Huerta Del Maule,-35.6614,-71.9461
07345001,Parral,-36.1878,-71.8283
07350001,Rio Longavi En La Quiriquina,-36.2303,-71.4569
07350006,Bullileo Embalse,-36.285,-71.4142
07350007,Embalse Bullileo (Lago),-36.2972,-71.4083
07352002,La Sexta De Longavi,-36.1128,-71.6156
07352003,Liguay,-35.9478,-71.6842
07353001,Juan Amigo,-36.0758,-71.3908
07355002,Rio Ancoa En El Morro,-35.9086,-71.2981
07355006,Hornillo,-35.8672,-71.1172
07355007,Ancoa Embalse,-35.9106,-71.2958
07357003,Melozal,-35.7856,-71.7664
07358007,Linares,-35.8381,-71.5953
07358008,Colbun (Maule Sur),-35.6242,-71.4022
07359001,Rio Loncomilla En Las Brisas,-35.6169,-71.7678
07359005,San Javier,-35.595,-71.6572
07370001,Fundo El Radal,-35.4189,-71.0431
07371002,Agua Fria,-35.3131,-71.0983
07373003,El Guindo,-35.2578,-71.3239
07373004,San Rafael,-35.3064,-71.5233
07374004,Vilches Alto,-35.5931,-71.0869
07374005,Huapi,-35.4864,-71.2931
07376002,El Durazno,-35.4925,-71.3183
07378002,Talca U.C.,-35.4358,-71.6197
07378003,Colorado,-35.6381,-71.2606
07379002,Rio Claro En Rauquen,-35.4525,-71.7333
07381003,Pencahue,-35.3725,-71.8325
07383001,Rio Maule En Forel,-35.4069,-72.2083
07384002,Constitucion,-35.3242,-72.4089
08104001,Rio Sauces Antes Junta Con ÑUble,-36.6653,-71.2739
08105004,Caracol,-36.6511,-71.395
08105005,Caman,-36.6731,-71.2989
08106002,Rio Uble En San Fabian N 2,-36.5856,-71.5256
08106003,San Fabian,-36.5836,-71.5247
08113001,Coihueco Embalse,-36.6408,-71.7989
08117002,Chillan Viejo,-36.6319,-72.1267
08117006,Rio Chillan En Esperanza N 2,-36.8,-71.6608
08117009,Canal De La Luz En Chillan,-36.5967,-72.1003
08118003,Millauquen,-36.3183,-72.04
08118004,San Agustin De Puual,-36.4214,-72.3944
08119002,Rio ÑUble En Confluencia,-36.6333,-72.45
08122002,Trupan,-37.2806,-71.8228
08122003,Tucapel,-37.2936,-71.9519
08123004,Cholguan,-37.1528,-72.0669
08124004,Las Cruces,-37.1114,-71.765
08124005,Mayulermo,-36.8189,-71.8944
08130002,Rio Diguillin En San Lorenzo (Atacalco),-36.9244,-71.5756
08130003,Fundo Atacalco,-36.9175,-71.5814
08130004,Las Trancas,-36.9108,-71.4792
08130006,Diguillin,-36.8686,-71.6425
08132002,Pemuco,-36.9764,-72.1008
08133003,Chillancito,-36.7622,-72.4239
08135003,Nueva Aldea,-36.6544,-72.4561
08135004,Cancha Los Litres,-36.7078,-72.5794
08140001,Rafael,-36.6364,-72.8489
08140005,Portezuelo,-36.5275,-72.4283
08141001,Rio Itata En Coelemu,-36.4669,-72.6911
08141002,Coelemu,-36.475,-72.6883
08142001,Mangarral,-36.2353,-72.3428
08210002,Dichato,-36.5456,-72.9311
08210003,Estero Bellavista En Tom,-36.6394,-72.9503
08220005,Las Pataguas,-36.7925,-72.8922
08220006,Andalien,-36.8131,-72.9392
08220008,Estero Nonguen Frente U. Del Bio Bio,-36.8203,-73.0164
08301001,Liucura,-38.6517,-71.0919
08304004,Lonquimay,-38.4536,-71.3742
08307002,Rio Bio-Bio En Llanquen,-38.2008,-71.2989
08312002,Embalse Ralco,-38.0583,-71.4344
08313002,Embalse Pangue,-37.9183,-71.5961
08316001,Quillaileo,-37.6511,-71.7136
08316002,Rio Huequecura Aguas Arriba De Embalse Angostura,-37.7047,-71.7683
08317001,Rio Biobio En Rucalhue,-37.7106,-71.9017
08317003,Cerro El Padre,-37.7797,-71.8664
08317004,Rio Biobio En La Culebra,-37.7964,-71.6989
08317005,Rio Biobio En Puente Piulo,-37.7092,-71.8236
08318002,Quilaco,-37.685,-72.0058
08319001,Rio Biobio En Longitudinal,-37.6019,-72.2783
08319002,San Carlos De Puren,-37.5953,-72.2769
08320001,San Lorenzo En Bio-Bio,-37.5081,-71.7656
08323001,Rio Duqueco En Cerrillos,-37.5422,-72.3119
08330002,Pilguen,-37.8306,-72.2197
08332002,Mulchen,-37.7147,-72.2436
08334001,Rio Biobio En Coihue,-37.5503,-72.5903
08334002,Los Angeles,-37.5022,-72.4083
08343001,Rio Mininco En Longitudinal,-37.8636,-72.3942
08343002,Encimar Malleco,-38.1053,-72.1136
08350002,Laguna Malleco,-38.2156,-71.8106
08351001,Rio Malleco En Collipulli,-37.9647,-72.4361
08353001,Ercilla (Vida Nueva),-38.0442,-72.4611
08358002,Angol (La Mona),-37.7794,-72.6372
08358004,Poco A Poco,-37.88,-71.9867
08358005,Parque Nahuelbuta,-37.8233,-72.9606
08364001,Las Achiras,-37.3806,-72.3661
08366002,Estero Quilque En Los Angeles,-37.4561,-72.3272
08367001,Laja,-37.2772,-72.7164
08381003,Rio Laja Ag.Arr. Del Salto (Rec.R.Laja),-37.2119,-72.3242
08393002,Estero Hualqui En Desembocadura,-36.9825,-72.9414
08394001,Rio Biobio En Desembocadura,-36.8386,-73.0619
08410001,Concepcion Dga.,-36.8333,-73.1
08520000,Caranpangue,-37.2553,-73.2431
08700001,Curanilahue,-37.485,-73.3317
08700002,Rio Curanilahue En Curanilahue,-37.4833,-73.3369
08700003,Estero Plegarias Antes De Jta Rio Curanilahue,-37.4878,-73.3442
08821005,Caete,-37.7983,-73.3914
08821006,Rio Leiva En Puente Camino A Contulmo,-37.8131,-73.3922
08822008,Contulmo,-38.0186,-73.23
08930000,Tirua,-38.3433,-73.4922
09101001,Rio Puren En Tranaman,-38.0333,-73.0167
09101003,Tranaman,-38.0214,-73.0067
09102003,Lumaco,-38.1636,-72.9039
09104003,Las Mercedes (Victoria),-38.2461,-72.2289
09105002,Traiguen,-38.2561,-72.6536
09111002,Quillen,-38.4642,-72.3867
09112000,Perquenco,-38.4211,-72.3775
09113003,Galvarino,-38.4133,-72.7772
09114001,La Cabaa,-38.4942,-73.2408
09116001,Rio Cholchol En Cholchol,-38.6081,-72.8478
09120003,Malalcahuello,-38.4703,-71.5753
09122001,Curacautin,-38.4475,-71.8961
09123001,Rio Cautin En Rari-Ruca,-38.4303,-72.0106
09123002,Rari-Ruca,-38.425,-72.0106
09124001,Lautaro,-38.5186,-72.4522
09129002,Rio Cautin En Cajon,-38.6867,-72.5028
09129005,Pueblo Nuevo (Temuco),-38.7128,-72.5558
09129006,Temuco Centro,-38.7425,-72.59
09130001,Cherquenco,-38.6839,-72
09131002,Vilcun,-38.6672,-72.2339
09135003,Freire Sendos,-38.9592,-72.6083
09140001,Rio Cautin En Almagro,-38.78,-72.9469
09151001,Carahue,-38.7128,-73.1475
09153001,Puerto Saavedra,-38.7886,-73.3936
09400000,Rio Truful En Camino Internacional,-38.8444,-71.6536
09401001,Tricauco,-38.8506,-71.55
09402001,Rio Allipen En Melipeuco,-38.8653,-71.7336
09403001,Cunco,-38.9269,-72.0125
09404001,Rio Allipen En Los Laureles,-38.9833,-72.2333
09404002,Los Laureles,-38.9586,-72.2006
09405001,Rio Curaco En Colico,-39.0333,-72.0833
09412002,Curarrehue,-39.3581,-71.5744
09412003,Puesco (Aduana),-39.5192,-71.5478
09414002,Llafenco,-39.3314,-71.8083
09416002,Lago Tinquilco,-39.1667,-71.7231
09417001,Lago Caburgua,-39.2,-71.8089
09420002,Pucon,-39.2753,-71.9503
09420003,Villarrica,-39.215,-72.2917
09420004,Chanlelfu,-39.4875,-72.2339
09423001,Rio Tolten En Coipue,-39.1,-72.3833
09433003,Quitratue,-39.1506,-72.6503
09437002,Rio Tolten En Teodoro Schmidt,-39.0144,-73.0828
09438001,Teodoro Schmitd,-39.0278,-73.0781
09439001,Tolten,-39.2006,-73.2003
10100002,Rio Fui En Desage Lago Pirihueico,-39.8747,-71.8897
10100004,Pirihueico En Pirihueico,-40.0225,-71.7219
10100005,Pirihueico En Pto. Fuy,-39.8719,-71.8889
10102002,Liquie,-39.7272,-71.8506
10106001,Coaripe,-39.5744,-72.0053
10106002,Lago Calafquen,-39.5469,-72.1519
10106003,Lican-Ray,-39.4681,-72.1653
10111002,Lago Riihue,-39.7731,-72.4581
10122003,Rio Calle Calle En Pupunahue,-39.8044,-72.9025
10123004,Llancahue,-39.8561,-73.1786
10123006,Valdivia (U. Austral),-39.8103,-73.2517
10130001,Loncoche,-39.37,-72.6417
10133000,Rio Leufucade En Purulon,-39.4781,-72.6908
10134002,San Jose Mariquina,-39.5522,-72.8989
10137002,Huichaco,-39.7078,-72.7422
10141001,Catamutun,-40.1658,-73.1689
10304001,Rio Calcurrupe En Desembocadura,-40.25,-72.2667
10304002,Lago Maihue,-40.2172,-72.1492
10305002,Caunahue,-40.1592,-72.2528
10307001,Lago Ranco,-40.3172,-72.4692
10312001,El Llolly,-40.0672,-72.6169
10313001,Rio Llollelhue En La Union,-40.2667,-73.0833
10322002,Anticura,-40.6553,-72.1844
10323002,Futacuhuin,-40.7231,-72.44
10328001,Rio Pilmaiquen En San Pablo,-40.3842,-73.0022
10340001,Rio Rahue En Desague Lago Rupanco,-40.7889,-72.6889
10340002,Rupanco,-40.7733,-72.6839
10350001,Fresia,-41.1533,-73.4111
10355001,Purranque,-40.9367,-73.1372
10355003,Rio Forrahue En Rio Negro,-40.7956,-73.2144
10356001,Rio Negro En Chahuilco,-40.7136,-73.2278
10360002,Adolfo Matthei,-40.5883,-73.1069
10371001,Trinidad,-40.3142,-73.4333
10372001,Venecia,-40.1933,-73.4311
10410004,Frutillar,-41.1267,-73.0611
10410015,Cascada,-41.0781,-72.6328
10417001,Maullin,-41.6153,-73.6
10425001,Puerto Montt,-41.46,-72.9378
10430005,Lago Chapo (Lm),-41.4297,-72.5764
10512000,Llanada Grande,-41.4242,-71.9386
10520001,Rio Puelo En Desague Lago Tagua Tagua,-41.6389,-72.1694
10523001,Puelo,-41.6511,-72.3117
10610001,Hornopiren,-41.9383,-72.435
10701001,Lago Espolon,-43.2158,-71.9306
10704001,Palena,-43.6175,-71.7839
10704002,Rio Futaleufu Ante Junta Rio Malito,-43.4492,-72.1075
10900001,Quemchi,-42.1408,-73.4731
10900002,Ancud 2 (Doh),-41.8792,-73.7964
10901003,Chonchi,-42.6228,-73.7728
10901004,Castro 2 (Doh),-42.4794,-73.7742
10902002,Quellon,-43.1086,-73.6119
10903003,Ancud 1 (Dga),-41.8625,-73.8192
10904005,Chepu,-42.0464,-73.9742
10906004,Cucao,-42.6186,-74.1081
11023001,Valle Rio Frio,-43.4683,-72.3536
11023002,Villa Santa Lucia,-43.4128,-72.3658
11031001,Lago Verde,-44.2394,-71.8461
11041001,La Junta,-43.9708,-72.4056
11043001,Marin Balmaceda,-43.7717,-72.9547
11120001,Puerto Puyuhuapi,-44.3228,-72.5597
11140001,Rio Cisnes,-44.4975,-71.3064
11144002,Cisnes Medio,-44.6653,-72.2661
11147003,Puerto Cisnes,-44.7278,-72.6814
11180000,Islas Huichas,-45.1553,-73.5164
11300001,Estancia Bao Nuevo,-45.2669,-71.5292
11302002,Irehuao,-45.2706,-71.7092
11304001,Villa Maihuales,-45.1733,-72.1478
11307002,Villa Ortega,-45.3719,-71.9822
11310003,Rio Blanco Chico Antes Junta Oscuro,-45.8853,-71.7211
11316003,Coyhaique (Escuela Agricola),-45.5739,-72.0286
11316004,Coyhaique Alto,-45.4803,-71.6044
11317001,Rio Simpson Bajo Junta Coyhaique,-45.5517,-72.0681
11317005,Coyhaique Conaf,-45.5511,-72.0589
11318002,El Balseo,-45.4036,-72.4878
11342001,Rio Aysen En Puerto Aysen,-45.4058,-72.6231
11400001,Puerto Chacabuco,-45.4644,-72.8178
11440000,Glaciar San Rafael,-46.6433,-73.8575
11503001,Villa Cerro Castillo,-46.1206,-72.1539
11505001,Rio Ibaez En Desembocadura,-46.2692,-71.9908
11513001,Bahia Murta,-46.4619,-72.6686
11514001,Rio Murta En Desembocadura,-46.4333,-72.7
11517002,Lago General Carrera En Desage,-46.8456,-72.8033
11521002,Chile Chico,-46.5436,-71.7089
11521005,Lago General Carrera Fachinal,-46.5425,-72.2267
11523002,Lago General Carrera En Puerto Guadal,-46.8411,-72.6975
11532000,Rio Nef Antes Junta Estero El Revalse,-47.1378,-73.0869
11533001,Estancia Valle Chacabuco,-47.1164,-72.4844
11536001,Rio Cochrane En Cochrane,-47.2517,-72.5644
11536004,Rio Baker En Angostura Chacabuco,-47.1414,-72.7258
11540000,Lago Cachet 2 En Glaciar Colonia,-47.1981,-73.25
11541000,Rio Colonia En Nacimiento,-47.3392,-73.1147
11546001,Caleta Tortel,-47.7997,-73.5358
11702000,Lago Ohiggins En Villa Ohiggins,-48.5169,-72.5953
11704001,Candelario Mancilla,-48.8775,-72.7394
11706000,Glaciar Ohiggins,-48.9272,-73.1172
11711000,Rio Pascua Ante Junta Rio Quetru,-48.1592,-73.0889
11800000,Jorge Montt,-48.2536,-73.4597
12000000,Glaciar Tempano,-48.8347,-74.1831
12273000,Glaciar Balmaceda,-51.4197,-73.1
12280002,Rio Paine En Parque Nacional 2,-50.9603,-72.7925
12280004,Lago Dickson,-50.8228,-73.1125
12280006,Lago Paine,-50.8414,-72.9047
12283001,Cerro Guido,-50.8986,-72.3314
12283003,Lago Pehoe,-51.0783,-72.9933
12284006,Rio Las Chinas En Cerro Guido,-51.0508,-72.5169
12284009,Lago Sarmiento,-51.0108,-72.7106
12284010,Cerro Castillo,-51.26,-72.3272
12286001,Torres Del Paine,-51.1842,-72.9669
12286002,Rio Rincon En Ruta Y-290,-51.3139,-72.8292
12287002,Lago Grey,-51.1114,-73.13
12288000,Glaciar Tindall,-51.1158,-73.2825
12288003,Rio Tindall En Desembocadura,-51.2564,-73.1561
12289001,Rio Serrano En Desembocadura,-51.3328,-73.1092
12293001,Puerto Natales,-51.7336,-72.4781
12400001,Casas Viejas,-51.6975,-72.3297
12400003,Rio Tranquilo En Ruta N 9,-51.8233,-72.1592
12402000,Lago Anibal Pinto,-52.0911,-72.4361
12403000,Seno Obstruccin,-52.2094,-72.4783
12440001,Rocallosas,-52.6514,-71.9631
12449001,Isla Riesco,-52.8819,-71.5706
12449002,Cordillera Riesco,-52.8425,-71.7642
12452001,Rio Perez En Desembocadura,-52.5492,-71.9747
12454001,Rio Verde,-52.6042,-71.5019
12530001,San Gregorio,-52.5664,-70.0706
12582001,Rio San Juan En Desembocadura,-53.65,-70.9667
12582002,San Juan,-53.6514,-70.9578
12582003,Lago Parrillar,-53.4025,-71.2497
12585003,Leadura Alta,-53.2325,-71.1178
12586001,Rio Las Minas En Bt. Sendos,-53.1381,-70.9875
12586004,Punta Arenas,-53.1233,-70.8772
12586005,Laguna Lynch,-53.1444,-70.9831
12586006,Cerro Mirador,-53.1842,-71.0833
12586007,Las Minas,-53.1442,-70.9831
12586009,Canal De Trasvase Estero Llau-Llau,-53.125,-70.9358
12586010,Magdalena Giglio 2,-53.1397,-71.0561
12587000,Bitsch Alto,-53.0919,-71.0025
12600001,Rio Rubens En Ruta N 9,-52.03,-71.9414
12620000,Penitente Alto,-52.2092,-71.6806
12622001,Rio Penitente En Morro Chico,-52.0511,-71.4247
12622002,Villa Tehuelche,-52.4414,-71.4022
12640001,Teniente Merino,-52.0342,-70.7333
12680001,Monte Aymond,-52.1644,-69.6078
12802001,Rio Side En Cerro Sombrero,-52.7681,-69.2772
12803000,Bahia Lomas,-52.5472,-69.3269
12806004,Bahia San Felipe,-52.8697,-69.9319
12809001,Porvenir,-53.2908,-70.37
12815001,Onaisin En Maria Cristina,-53.3056,-69.2675
12816001,Cameron,-53.6369,-69.6506
12820001,Rio Caleta En Tierra Del Fuego,-53.8586,-69.9989
12820002,Puerto Yartou,-53.8853,-70.1408
12821000,Rio Condor,-53.9964,-70.0781
12825002,Rio Azopardo En Desembocadura,-54.5028,-68.8244
12863001,San Sebastian,-53.3217,-68.6614
12873001,Russfin,-53.7594,-69.1892
12875000,Lago Blanco,-54.0533,-68.9578
12876001,Rio Grande En Tierra Del Fuego,-53.8928,-68.8844
12876003,Pampa Huanaco,-54.0497,-68.7997
12878002,Bahia Yendegaia,-54.8817,-68.6825
12879000,Lago Deseado,-54.3378,-68.8242
12930001,Rio Robalo En Puerto Williams,-54.9469,-67.6392
12930002,Lago Navarino,-55.0558,-67.2994
12930003,Robalo Alto,-54.9769,-67.6744
12930004,Puerto Navarino,-54.9256,-68.3236
12930005,Puerto Toro,-55.0822,-67.0758
180005,Chacalluta Arica Ap.,-18.3514,-70.3358
200006,Diego Aracena Iquique Ap.,-20.5397,-70.1786
220002,El Loa Calama Ad.,-22.4989,-68.9072
230001,Cerro Moreno Antofagasta Ap.,-23.4503,-70.4411
270001,Mataveri Isla De Pascua Ap.,-27.1606,-109.427
270008,Desierto De Atacama Caldera Ap.,-27.2639,-70.7742
290004,La Florida La Serena Ad.,-29.9175,-71.2011
330007,Rodelillo Ad.,-33.0367,-71.5342
330019,Eulogio Sanchez Tobalaba Ad.,-33.4544,-70.5478
330020,Quinta Normal Santiago,-33.445,-70.6828
330021,Pudahuel Santiago,-33.3919,-70.7944
330030,Santo Domingo Ad.,-33.655,-71.6142
330031,Juan Fernandez Estacion Meteorologica,-33.6367,-78.835
340031,General Freire Curico Ad.,-34.9664,-71.2167
360011,Bernardo O'Higgins Chillan Ad.,-36.5872,-72.04
360019,Carriel Sur Concepcion.,-36.7792,-73.0622
370033,Maria Dolores Los Angeles Ad.,-37.4028,-72.4225
380013,Maquehue Temuco Ad.,-38.77,-72.6369
390006,Pichoy Valdivia Ad.,-39.6506,-73.0808
400009,Canal Bajo Osorno Ad.,-40.605,-73.0608
410005,El Tepual Puerto Montt Ap.,-41.435,-73.0978
430002,Futaleufu Ad.,-43.1889,-71.8525
430004,Alto Palenaad.,-43.6117,-71.8053
450001,Puerto Aysen Ad.,-45.3961,-72.6639
450004,Teniente Vidal Coyhaique Ad.,-45.5939,-72.1086
450005,Balmaceda Ad.,-45.9128,-71.6942
460001,Chile Chico Ad.,-46.5808,-71.6928
470001,Lord Cochrane Ad.,-47.2439,-72.5864
510005,Teniente Gallardo Puerto Natales Ad.,-51.6672,-72.5289
520006,Punta Arenas,-53.0033,-70.845
530005,Fuentes Martinez Porvenir Ad.,-53.1875,-70.3203
550001,Guardia Marina Zanartu Pto Williams Ad.,-54.9317,-67.6156
950001,Eduardo Frei Montalva Antartica,-62.1997,-58.9642
AR000000011,Monte Caseros Aero,-30.267,-57.65
AR000087007,La Quiaca Observato,-22.1,-65.6
AR000087078,Las Lomitas,-24.7,-60.583
AR000087129,Santiago Del Estero,-27.767,-64.3
AR000087155,Resistencia Aero,-27.45,-59.05
AR000087217,La Rioja Aero.,-29.383,-66.817
AR000087257,Ceres Aero,-29.883,-61.95
AR000087270,Reconquista Aero,-29.183,-59.7
AR000087344,Cordoba Aero,-31.317,-64.217
AR000087374,Parana Aero,-31.783,-60.483
AR000087418,Mendoza Aero,-32.833,-68.783
AR000087534,Laboulaye Aero,-34.133,-63.367
AR000087623,Santa Rosa Aero,-36.567,-64.266
AR000087692,Mar Del Plata Aero,-37.933,-57.583
AR000087715,Neuquen Aero,-38.95,-68.133
AR000087803,Esquel Aero,-42.933,-71.15
AR000087828,Trelew Aero,-43.2,-65.266
AR000087860,Comodoro Rivadavia,-45.783,-67.5
AR000087925,Rio Gallegos Aero,-51.617,-69.283
AR000870470,Salta Aero,-24.85,-65.483
AR000875440,Pehuajo Aero,-35.867,-61.9
AR000875850,Buenos Aires Observ,-34.583,-58.483
AR000877500,Bahia Blanca Aero,-38.733,-62.167
ARM00087016,Oran,-23.153,-64.329
ARM00087022,General Enrique Mosconi Tarta,-22.62,-63.794
ARM00087046,Jujuy,-24.393,-65.098
ARM00087121,Teniente Benjamin Matienzo,-26.841,-65.105
ARM00087148,Presidencia Roque Saenz Pena,-26.733,-60.483
ARM00087162,Formosa,-26.213,-58.228
ARM00087166,Corrientes,-27.446,-58.762
ARM00087178,Posadas,-27.386,-55.971
ARM00087222,Catamarca,-28.596,-65.752
ARM00087244,Villa Maria Del Rio,-29.9,-63.683
ARM00087289,Paso De Los Libres,-29.689,-57.152
ARM00087311,San Juan,-31.571,-68.418
ARM00087320,Chamical Aero,-30.367,-66.283
ARM00087328,Villa Dolores,-31.945,-65.146
ARM00087349,Pilar Observatorio,-31.667,-63.883
ARM00087395,Comodoro Pierrestegui,-31.297,-57.997
ARM00087416,San Martin,-33.083,-68.417
ARM00087436,San Luis,-33.273,-66.356
ARM00087448,Villa Reynolds,-33.73,-65.387
ARM00087453,Rio Cuarto Area De Material,-33.085,-64.261
ARM00087467,Marcos Juarez,-32.684,-62.158
ARM00087480,Rosario,-32.904,-60.785
ARM00087497,Gualeguaychu,-33.01,-58.613
ARM00087506,Malargue,-35.494,-69.574
ARM00087509,San Rafael,-34.588,-68.403
ARM00087532,General Pico,-35.696,-63.758
ARM00087548,Junin,-34.546,-60.931
ARM00087563,Las Flores,-36.067,-59.1
ARM00087576,Ministro Pistarini,-34.822,-58.536
ARM00087582,Aeroparque Jorge Newbery,-34.559,-58.416
ARM00087593,La Plata,-34.972,-57.895
ARM00087640,Bolivar Aero,-36.2,-61.067
ARM00087641,Azul Aero,-36.833,-59.883
ARM00087645,Tandil,-37.237,-59.228
ARM00087648,Dolores Airport,-36.35,-57.733
ARM00087688,Tres Arroyos,-38.387,-60.33
ARM00087765,San Carlos De Bariloche,-41.151,-71.158
ARM00087774,Maquinchao,-41.25,-68.733
ARM00087784,San Antonio Oeste Aero,-40.783,-65.1
ARM00087791,Gobernador Castello,-40.869,-63
ARM00087800,El Bolson,-41.943,-71.532
ARM00087852,Perito Moreno Arpt,-46.517,-71.017
ARM00087896,Puerto Deseado,-47.735,-65.904
ARM00087904,El Calafate Aero,-50.267,-72.05
ARM00087909,San Julian,-49.307,-67.803
ARM00087934,Rio Grande,-53.778,-67.749
ARM00087938,Ushuaia Malvinas Argentinas,-54.843,-68.296
ASM00094998,Macquarie Island,-54.499,158.937
ASN00094010,Cape Bruny Lighthouse,-43.4892,147.145
ASN00094041,Maatsuyker Island Lighthouse,-43.6578,146.271
AYM00088963,Base Esperanza,-63.4,-56.983
AYM00088968,Base Orcadas,-60.733,-44.733
AYM00089034,Base Belgrano Ii,-77.867,-34.617
AYM00089050,Bellingshausen Aws,-62.183,-58.883
AYM00089053,Base Jubany,-62.233,-58.633
AYM00089055,Base Marambio,-64.233,-56.717
AYM00089056,Centro Met. Antartico Pdte. E,-62.183,-58.983
AYM00089057,Base Arturo Prat,-62.5,-59.683
AYM00089058,Great Wall,-62.217,-58.967
AYM00089059,Base Bernardo O'Higgins,-63.317,-56.683
AYM00089061,Palmer Station,-64.766,-64.083
AYM00089066,Base San Martin,-68.117,-67.133
AYM00089251,King Sejong,-62.217,-58.75
AYM00089504,Troll In Antarktis,-72.017,2.383
AYM00089512,Novolazarevskaja,-70.767,11.833
AYM00089571,Davis,-68.583,77.95
AYM00089574,Progress,-69.383,76.383
AYM00089592,Mirnyj,-66.55,93.017
AYM00089606,Vostok,-78.45,106.867
AYM00089611,Casey,-66.283,110.517
BL000085041,Cobija,-11.03,-68.78
BL000085043,Riberalta,-11,-66.117
BL000085114,Magdalena,-13.333,-64.117
BL000085141,Rurrenabaque,-14.47,-67.57
BL000085223,Cochabamba,-17.42,-66.18
BL000085364,Tarija,-21.55,-64.7
BL000085365,Yacuiba,-21.95,-63.65
BLM00085104,San Joaquin,-13.067,-64.667
BLM00085109,San Ramon,-13.3,-64.7
BLM00085123,Santa Ana Del Yacuma,-13.762,-65.435
BLM00085139,Santa Rosa,-14.067,-66.783
BLM00085140,Reyes,-14.3,-67.367
BLM00085151,Apolo,-14.733,-68.417
BLM00085152,San Borja/Capt Germ,-14.867,-66.75
BLM00085153,San Ignacio De Moxo,-14.967,-65.633
BLM00085154,Tte Av Jorge Henrich Arauz,-14.819,-64.918
BLM00085175,Ascencion Guarayos,-15.717,-63.1
BLM00085195,San Javier,-16.267,-62.467
BLM00085196,Concepcion,-16.25,-62.1
BLM00085201,El Alto Intl,-16.513,-68.192
BLM00085207,San Ignacio Velasco,-16.367,-60.95
BLM00085210,San Matias,-16.333,-58.383
BLM00085242,Juan Mendoza,-17.963,-67.076
BLM00085244,Viru Viru Intl,-17.645,-63.135
BLM00085245,El Trompillo,-17.812,-63.171
BLM00085247,San Jose,-17.833,-60.75
BLM00085264,Vallegrande,-18.467,-64.1
BLM00085268,Robore (Civ/Mil),-18.317,-59.75
BLM00085289,Tte De Av Salvador Ogaya G,-18.975,-57.821
BLM00085293,Capitan Nicolas Rojas,-19.543,-65.724
BLM00085312,Monteagudo,-19.783,-63.917
BLM00085315,Camiri,-20.05,-63.567
BLM00085345,Tcnl Rafael Pabon,-21.255,-63.406
BR000047002,Salinopolis,-0.617,-47.383
BR000082400,Fernando De Noronha,-3.85,-32.417
BR000082861,Conceicao Do Araguaia,-8.25,-49.28
BR000352000,Altamira,-3.2,-52.2
BR000956000,Alta Floresta (Aero,-9.867,-56.1
BR002143012,Juiz De Fora,-21.767,-43.35
BR002548005,Paranagua,-25.517,-48.517
BR002554002,Iguazu Aero,-25.733,-54.467
BR00E3-0520,Sao Paulo (Aeroport,-23.617,-46.65
BR037041370,Teresina (Aeroporto,-5.05,-42.817
BR038484280,Campina Grande,-7.217,-35.883
BR038983570,Maceio (Aeroporto),-9.517,-35.783
BR047635180,Bom Jesus Da Lapa,-13.267,-43.417
BR057324290,Montes Claros,-16.717,-43.867
BRM00082098,Macapa,0.051,-51.072
BRM00082193,Val De Cans Intl,-1.379,-48.476
BRM00082336,Itacoatiara,-3.127,-58.481
BRM00082361,Tucurui,-3.786,-49.72
BRM00082533,Manicore,-5.811,-61.278
BRM00082562,Maraba,-5.369,-49.138
BRM00083208,Vilhena,-12.694,-60.098
BRM00083344,Vitoria Da Conquista,-14.863,-40.863
BRM00083566,Belo Horizonte (Confins) *,-19.833,-43.917
BRM00083698,Bartolomeu Lisandro,-21.698,-41.302
BRM00083746,Galeao Antonio Carlos Jobim,-22.809,-43.244
BRM00083827,Cataratas Intl,-25.596,-54.487
CO000080001,San Andres (Isla)/S,12.583,-81.717
CO000080222,Bogota/Eldorado,4.701,-74.15
CO000080259,Cali/Alfonso Bonill,3.55,-76.383
CO000080342,Pasto/Antonio Narin,1.417,-77.267
COM00080002,El Embrujo,13.357,-81.358
COM00080009,Simon Bolivar,11.12,-74.231
COM00080022,Rafael Nunez,10.442,-75.513
COM00080028,Ernesto Cortissoz,10.89,-74.781
COM00080035,Almirante Padilla,11.526,-72.926
COM00080036,Alfonso Lopez Pumarejo,10.435,-73.25
COM00080063,Los Garzones,8.824,-75.826
COM00080084,Antonio Roldan Betancourt,7.812,-76.716
COM00080091,Yariguies,7.024,-73.807
COM00080094,Palonegro,7.127,-73.185
COM00080097,Camilo Daza,7.928,-72.512
COM00080099,Santiago Perez,7.069,-70.737
COM00080110,Olaya Herrera,6.22,-75.591
COM00080112,Jose Maria Cordova,6.165,-75.423
COM00080144,El Carano,5.691,-76.641
COM00080210,Matecana,4.813,-75.74
COM00080211,El Eden,4.453,-75.766
COM00080214,Perales,4.422,-75.133
COM00080234,Vanguardia,4.168,-73.614
COM00080315,Benito Salas,2.95,-75.294
COM00080370,San Luis,0.862,-77.672
COM00080398,Alfredo Vasquez Cobo,-4.193,-69.943
EC000000006,Pichilingue,-1.1,-79.467
ECM00084008,San Cristobal,-0.917,-89.617
ECM00084036,San Gabriel,0.6,-77.817
ECM00084050,La Concordia,0.017,-79.367
ECM00084088,Izobamba,-0.35,-78.55
ECM00084132,Nuevo Rocafuerte,-0.917,-75.417
ECM00084135,Portoviejo,-1.033,-80.45
ECM00084179,Puyo,-1.5,-77.9
ECM00084226,Canar,-2.55,-78.933
ECM00084270,Loja/La Argelia,-4.033,-79.2
FG000081405,Rochambeau,4.833,-52.367
FKM00088889,Mount Pleasant,-51.823,-58.447
FRM00061998,Port-Aux-Francais (Iles Kergu,-49.35,70.25
FSM00061997,Alfred Faure (Iles Crozet),-46.433,51.85
GYM00081001,Georgetown,6.8,-58.15
GYW00010502,Georgetown,6.5,-58.25
NSM00081225,Johan A Pengel Intl,5.453,-55.188
NZ000093844,Invercargill Airpor,-46.417,168.333
NZ000939450,Campbell Island Aws,-52.55,169.167
NZM00093781,Christchurch Intl,-43.489,172.532
NZM00093929,Enderby Island Aws,-50.483,166.3
PA000086033,Bahia Negra,-20.23,-58.167
PA000086068,Mariscal Estigarrib,-22.017,-60.6
PA000086086,Puerto Casado,-22.283,-57.933
PA000086134,Concepcion,-23.43,-57.417
PA000086297,Encarnacion,-27.3,-55.9
PAM00086097,Pedro Juan Caballero,-22.6,-55.833
PAM00086128,Pozo Colorado,-23.5,-58.783
PAM00086170,Gral. Bruguez,-24.75,-58.833
PAM00086185,San Pedro,-24.067,-57.083
PAM00086192,San Estanislao,-24.667,-56.433
PAM00086210,Saltos Del Guaira,-24.033,-54.35
PAM00086218,Silvio Pettirossi Intl,-25.24,-57.519
PAM00086221,Paraguari,-25.633,-57.133
PAM00086233,Villarrica,-25.767,-56.433
PAM00086234,Coronel Oviedo,-25.467,-56.4
PAM00086255,Pilar,-26.85,-58.317
PAM00086260,San Juan Bautista,-26.667,-57.15
PAM00086268,Caazapa,-26.183,-56.367
PAM00086285,Capitan Meza,-26.933,-55.2
PE000084377,Iquitos,-3.783,-73.3
PE000084455,Tarapoto,-6.5,-76.367
PE000084752,Arequipa,-16.332,-71.567
PEM00084370,Pedro Canga,-3.553,-80.381
PEM00084390,Capitan Montes,-4.577,-81.254
PEM00084401,Capitan Fap Guillermo Concha,-5.206,-80.616
PEM00084425,Moises Benzaquen Rengifo,-5.894,-76.118
PEM00084452,Capt Jose A  Quinones Gonzale,-6.787,-79.828
PEM00084472,Gen Fap Armando Revoredo Igle,-7.139,-78.489
PEM00084474,Juanjui,-7.169,-76.729
PEM00084501,Capitan Carlos Martinez De Pi,-8.081,-79.109
PEM00084515,Cap Fap David Abenzur Rengifo,-8.378,-74.574
PEM00084534,Tingo Maria,-9.133,-75.95
PEM00084542,Comandante Fap German Arias G,-9.347,-77.598
PEM00084564,Alferez Fap D F Fernandini,-9.879,-76.205
PEM00084628,Jorge Chavez Intl,-12.022,-77.114
PEM00084658,Padre Aldamiz,-12.614,-69.229
PEM00084673,Coronel Fap Alfredo Mendivil,-13.155,-74.204
PEM00084686,Teniente Alejandro Velasco As,-13.536,-71.939
PEM00084691,Pisco Intl,-13.745,-76.22
PEM00084735,Juliaca,-15.467,-70.158
PEM00084782,Coronel Carlos Ciriani Santa,-18.053,-70.276
SF000068994,Marion Island,-46.883,37.867
UY000001709,Melo,-32.35,-54.183
UY000001856,Young,-32.683,-57.633
UY000001915,Paso De Los Toros,-32.8,-56.517
UY000002206,Durazno,-33.35,-56.5
UY000086330,Est.Met.Artigas,-30.4,-56.52
UY000086360,Salto,-31.433,-57.967
UY000086430,Paysandu,-32.333,-58.033
UY000086490,Mercedes,-33.25,-58.067
UY000086565,Rocha,-34.483,-54.3
UYM00086350,Presidente General Don Oscar,-30.975,-55.476
UYM00086500,Treinta Y Tres,-33.217,-54.383
UYM00086560,Laguna De Los Patos Intl,-34.456,-57.771
UYM00086580,Carrasco Intl,-34.838,-56.031
VE000005484,Puerto Carreno/A.Gu,6.167,-67.5
VE000080413,Maracay - B.A. Sucr,10.25,-67.65
VE000080425,Mene Grande,9.817,-70.933
VE000080438,Merida,8.6,-71.183
VEM00080403,Jose Leonardo Chirinos,11.415,-69.681
VEM00080407,La Chinita Intl,10.558,-71.728
VEM00080410,Barquisimeto Intl,10.043,-69.359
VEM00080415,Simon Bolivar Intl,10.603,-66.991
VEM00080419,General Jose Antonio Anzoateg,10.107,-64.689
VEM00080421,Porlamar (Aeropuerto Int. Del,10.917,-63.967
VEM00080427,Oswaldo Guevara Mujica,9.553,-69.238
VEM00080428,Guanare,9.027,-69.755
VEM00080435,Maturin,9.749,-63.153
VEM00080437,El Vigia,8.633,-71.65
VEM00080440,Barinas,8.62,-70.221
VEM00080447,San Antonio Del Tachira,7.841,-72.44
VEM00080448,Guasdualito,7.211,-70.756
VEM00080472,Arturo Michelena Intl,10.15,-67.928
